filename,precision,recall,fscore,accuracy
S0010938X12001163,0.015873015873015872,0.015873015873015872,0.015873015873015872,0.015873015873015872
S0010938X12002508,0.0,0.0,0.0,0.0
S0010938X1500195X,0.0,0.0,0.0,0.0
S0010938X1530161X,0.03333333333333333,0.03333333333333333,0.03333333333333333,0.03333333333333333
