filename,precision,recall,fscore,accuracy
S0010938X12001163,0.015873015873015872,0.015873015873015872,0.015873015873015872,0.015873015873015872
S0010938X12002508,0.025,0.025,0.025000000000000005,0.025
S0010938X1500195X,0.0,0.0,0.0,0.0
S0010938X1530161X,0.06666666666666667,0.06666666666666667,0.06666666666666667,0.06666666666666667
