filename,precision,recall,fscore,accuracy
S0010938X12001163,0.1111111111111111,0.1111111111111111,0.1111111111111111,0.1111111111111111
S0010938X12002508,0.175,0.175,0.175,0.175
S0010938X1500195X,0.21739130434782608,0.21739130434782608,0.21739130434782608,0.21739130434782608
S0010938X1530161X,0.26666666666666666,0.26666666666666666,0.26666666666666666,0.26666666666666666
