filename,precision,recall,fscore,accuracy
S0010938X12001163,0.1111111111111111,0.1111111111111111,0.1111111111111111,0.1111111111111111
S0010938X12002508,0.175,0.175,0.175,0.175
S0010938X1500195X,0.2608695652173913,0.2608695652173913,0.2608695652173913,0.2608695652173913
S0010938X1530161X,0.2,0.2,0.20000000000000004,0.2
